{
	"partitions" : [
		{
			"name" : "Top",
			"pins" : [
				{
					"name" : "output_data.length[0]",
					"strict" : false
				},
				{
					"name" : "output_data.length[1]",
					"strict" : false
				},
				{
					"name" : "output_data.length[31]",
					"strict" : false
				},
				{
					"name" : "output_data.index[0]",
					"strict" : false
				},
				{
					"name" : "output_data.index[2]",
					"strict" : false
				},
				{
					"name" : "output_data.index[3]",
					"strict" : false
				},
				{
					"name" : "output_data.index[31]",
					"strict" : false
				},
				{
					"name" : "output_data.found",
					"strict" : false
				},
				{
					"name" : "clk",
					"strict" : false
				},
				{
					"name" : "reset",
					"strict" : false
				},
				{
					"name" : "input_data[7]",
					"strict" : false
				},
				{
					"name" : "input_data[6]",
					"strict" : false
				},
				{
					"name" : "input_data[5]",
					"strict" : false
				},
				{
					"name" : "input_data[3]",
					"strict" : false
				},
				{
					"name" : "input_data[2]",
					"strict" : false
				},
				{
					"name" : "input_data[1]",
					"strict" : false
				},
				{
					"name" : "input_data[0]",
					"strict" : false
				},
				{
					"name" : "input_data[4]",
					"strict" : false
				}
			]
		}
	]
}